legacyCode,analysisId,level,segmentBoundary,centerBox
0,stroke.rule=strict;stroke.endpoint=extreme;stroke.gap=none;segment.method=heuristic;center.strokeFormation=entry;signals.publication=standard,0,0,extended
1,stroke.rule=new;stroke.endpoint=extreme;stroke.gap=none;segment.method=heuristic;center.strokeFormation=entry;signals.publication=standard,0,0,extended
2,stroke.rule=czsc;stroke.endpoint=extreme;stroke.gap=none;segment.method=heuristic;center.strokeFormation=entry;signals.publication=standard,0,0,extended
3,stroke.rule=4k;stroke.endpoint=extreme;stroke.gap=none;segment.method=heuristic;center.strokeFormation=entry;signals.publication=standard,0,0,extended
4,stroke.rule=fractal;stroke.endpoint=extreme;stroke.gap=none;segment.method=heuristic;center.strokeFormation=entry;signals.publication=standard,0,0,extended
10,stroke.rule=strict;stroke.endpoint=first;stroke.gap=none;segment.method=heuristic;center.strokeFormation=entry;signals.publication=standard,0,0,extended
11,stroke.rule=new;stroke.endpoint=first;stroke.gap=none;segment.method=heuristic;center.strokeFormation=entry;signals.publication=standard,0,0,extended
12,stroke.rule=czsc;stroke.endpoint=first;stroke.gap=none;segment.method=heuristic;center.strokeFormation=entry;signals.publication=standard,0,0,extended
13,stroke.rule=4k;stroke.endpoint=first;stroke.gap=none;segment.method=heuristic;center.strokeFormation=entry;signals.publication=standard,0,0,extended
14,stroke.rule=fractal;stroke.endpoint=first;stroke.gap=none;segment.method=heuristic;center.strokeFormation=entry;signals.publication=standard,0,0,extended
100,stroke.rule=strict;stroke.endpoint=extreme;stroke.gap=none;segment.method=heuristic;center.strokeFormation=entry;signals.publication=standard,1,0,extended
101,stroke.rule=new;stroke.endpoint=extreme;stroke.gap=none;segment.method=heuristic;center.strokeFormation=entry;signals.publication=standard,1,0,extended
102,stroke.rule=czsc;stroke.endpoint=extreme;stroke.gap=none;segment.method=heuristic;center.strokeFormation=entry;signals.publication=standard,1,0,extended
103,stroke.rule=4k;stroke.endpoint=extreme;stroke.gap=none;segment.method=heuristic;center.strokeFormation=entry;signals.publication=standard,1,0,extended
104,stroke.rule=fractal;stroke.endpoint=extreme;stroke.gap=none;segment.method=heuristic;center.strokeFormation=entry;signals.publication=standard,1,0,extended
110,stroke.rule=strict;stroke.endpoint=first;stroke.gap=none;segment.method=heuristic;center.strokeFormation=entry;signals.publication=standard,1,0,extended
111,stroke.rule=new;stroke.endpoint=first;stroke.gap=none;segment.method=heuristic;center.strokeFormation=entry;signals.publication=standard,1,0,extended
112,stroke.rule=czsc;stroke.endpoint=first;stroke.gap=none;segment.method=heuristic;center.strokeFormation=entry;signals.publication=standard,1,0,extended
113,stroke.rule=4k;stroke.endpoint=first;stroke.gap=none;segment.method=heuristic;center.strokeFormation=entry;signals.publication=standard,1,0,extended
114,stroke.rule=fractal;stroke.endpoint=first;stroke.gap=none;segment.method=heuristic;center.strokeFormation=entry;signals.publication=standard,1,0,extended
1000,stroke.rule=strict;stroke.endpoint=extreme;stroke.gap=none;segment.method=feature;center.strokeFormation=entry;signals.publication=standard,0,0,extended
1001,stroke.rule=new;stroke.endpoint=extreme;stroke.gap=none;segment.method=feature;center.strokeFormation=entry;signals.publication=standard,0,0,extended
1002,stroke.rule=czsc;stroke.endpoint=extreme;stroke.gap=none;segment.method=feature;center.strokeFormation=entry;signals.publication=standard,0,0,extended
1003,stroke.rule=4k;stroke.endpoint=extreme;stroke.gap=none;segment.method=feature;center.strokeFormation=entry;signals.publication=standard,0,0,extended
1004,stroke.rule=fractal;stroke.endpoint=extreme;stroke.gap=none;segment.method=feature;center.strokeFormation=entry;signals.publication=standard,0,0,extended
1010,stroke.rule=strict;stroke.endpoint=first;stroke.gap=none;segment.method=feature;center.strokeFormation=entry;signals.publication=standard,0,0,extended
1011,stroke.rule=new;stroke.endpoint=first;stroke.gap=none;segment.method=feature;center.strokeFormation=entry;signals.publication=standard,0,0,extended
1012,stroke.rule=czsc;stroke.endpoint=first;stroke.gap=none;segment.method=feature;center.strokeFormation=entry;signals.publication=standard,0,0,extended
1013,stroke.rule=4k;stroke.endpoint=first;stroke.gap=none;segment.method=feature;center.strokeFormation=entry;signals.publication=standard,0,0,extended
1014,stroke.rule=fractal;stroke.endpoint=first;stroke.gap=none;segment.method=feature;center.strokeFormation=entry;signals.publication=standard,0,0,extended
1100,stroke.rule=strict;stroke.endpoint=extreme;stroke.gap=none;segment.method=feature;center.strokeFormation=entry;signals.publication=standard,1,0,extended
1101,stroke.rule=new;stroke.endpoint=extreme;stroke.gap=none;segment.method=feature;center.strokeFormation=entry;signals.publication=standard,1,0,extended
1102,stroke.rule=czsc;stroke.endpoint=extreme;stroke.gap=none;segment.method=feature;center.strokeFormation=entry;signals.publication=standard,1,0,extended
1103,stroke.rule=4k;stroke.endpoint=extreme;stroke.gap=none;segment.method=feature;center.strokeFormation=entry;signals.publication=standard,1,0,extended
1104,stroke.rule=fractal;stroke.endpoint=extreme;stroke.gap=none;segment.method=feature;center.strokeFormation=entry;signals.publication=standard,1,0,extended
1110,stroke.rule=strict;stroke.endpoint=first;stroke.gap=none;segment.method=feature;center.strokeFormation=entry;signals.publication=standard,1,0,extended
1111,stroke.rule=new;stroke.endpoint=first;stroke.gap=none;segment.method=feature;center.strokeFormation=entry;signals.publication=standard,1,0,extended
1112,stroke.rule=czsc;stroke.endpoint=first;stroke.gap=none;segment.method=feature;center.strokeFormation=entry;signals.publication=standard,1,0,extended
1113,stroke.rule=4k;stroke.endpoint=first;stroke.gap=none;segment.method=feature;center.strokeFormation=entry;signals.publication=standard,1,0,extended
1114,stroke.rule=fractal;stroke.endpoint=first;stroke.gap=none;segment.method=feature;center.strokeFormation=entry;signals.publication=standard,1,0,extended
11000,stroke.rule=strict;stroke.endpoint=extreme;stroke.gap=none;segment.method=feature;center.strokeFormation=entry;signals.publication=standard,0,1,extended
11001,stroke.rule=new;stroke.endpoint=extreme;stroke.gap=none;segment.method=feature;center.strokeFormation=entry;signals.publication=standard,0,1,extended
11002,stroke.rule=czsc;stroke.endpoint=extreme;stroke.gap=none;segment.method=feature;center.strokeFormation=entry;signals.publication=standard,0,1,extended
11003,stroke.rule=4k;stroke.endpoint=extreme;stroke.gap=none;segment.method=feature;center.strokeFormation=entry;signals.publication=standard,0,1,extended
11004,stroke.rule=fractal;stroke.endpoint=extreme;stroke.gap=none;segment.method=feature;center.strokeFormation=entry;signals.publication=standard,0,1,extended
11010,stroke.rule=strict;stroke.endpoint=first;stroke.gap=none;segment.method=feature;center.strokeFormation=entry;signals.publication=standard,0,1,extended
11011,stroke.rule=new;stroke.endpoint=first;stroke.gap=none;segment.method=feature;center.strokeFormation=entry;signals.publication=standard,0,1,extended
11012,stroke.rule=czsc;stroke.endpoint=first;stroke.gap=none;segment.method=feature;center.strokeFormation=entry;signals.publication=standard,0,1,extended
11013,stroke.rule=4k;stroke.endpoint=first;stroke.gap=none;segment.method=feature;center.strokeFormation=entry;signals.publication=standard,0,1,extended
11014,stroke.rule=fractal;stroke.endpoint=first;stroke.gap=none;segment.method=feature;center.strokeFormation=entry;signals.publication=standard,0,1,extended
11100,stroke.rule=strict;stroke.endpoint=extreme;stroke.gap=none;segment.method=feature;center.strokeFormation=entry;signals.publication=standard,1,1,extended
11101,stroke.rule=new;stroke.endpoint=extreme;stroke.gap=none;segment.method=feature;center.strokeFormation=entry;signals.publication=standard,1,1,extended
11102,stroke.rule=czsc;stroke.endpoint=extreme;stroke.gap=none;segment.method=feature;center.strokeFormation=entry;signals.publication=standard,1,1,extended
11103,stroke.rule=4k;stroke.endpoint=extreme;stroke.gap=none;segment.method=feature;center.strokeFormation=entry;signals.publication=standard,1,1,extended
11104,stroke.rule=fractal;stroke.endpoint=extreme;stroke.gap=none;segment.method=feature;center.strokeFormation=entry;signals.publication=standard,1,1,extended
11110,stroke.rule=strict;stroke.endpoint=first;stroke.gap=none;segment.method=feature;center.strokeFormation=entry;signals.publication=standard,1,1,extended
11111,stroke.rule=new;stroke.endpoint=first;stroke.gap=none;segment.method=feature;center.strokeFormation=entry;signals.publication=standard,1,1,extended
11112,stroke.rule=czsc;stroke.endpoint=first;stroke.gap=none;segment.method=feature;center.strokeFormation=entry;signals.publication=standard,1,1,extended
11113,stroke.rule=4k;stroke.endpoint=first;stroke.gap=none;segment.method=feature;center.strokeFormation=entry;signals.publication=standard,1,1,extended
11114,stroke.rule=fractal;stroke.endpoint=first;stroke.gap=none;segment.method=feature;center.strokeFormation=entry;signals.publication=standard,1,1,extended
21000,stroke.rule=strict;stroke.endpoint=extreme;stroke.gap=none;segment.method=feature;center.strokeFormation=entry;signals.publication=standard,0,2,extended
21001,stroke.rule=new;stroke.endpoint=extreme;stroke.gap=none;segment.method=feature;center.strokeFormation=entry;signals.publication=standard,0,2,extended
21002,stroke.rule=czsc;stroke.endpoint=extreme;stroke.gap=none;segment.method=feature;center.strokeFormation=entry;signals.publication=standard,0,2,extended
21003,stroke.rule=4k;stroke.endpoint=extreme;stroke.gap=none;segment.method=feature;center.strokeFormation=entry;signals.publication=standard,0,2,extended
21004,stroke.rule=fractal;stroke.endpoint=extreme;stroke.gap=none;segment.method=feature;center.strokeFormation=entry;signals.publication=standard,0,2,extended
21010,stroke.rule=strict;stroke.endpoint=first;stroke.gap=none;segment.method=feature;center.strokeFormation=entry;signals.publication=standard,0,2,extended
21011,stroke.rule=new;stroke.endpoint=first;stroke.gap=none;segment.method=feature;center.strokeFormation=entry;signals.publication=standard,0,2,extended
21012,stroke.rule=czsc;stroke.endpoint=first;stroke.gap=none;segment.method=feature;center.strokeFormation=entry;signals.publication=standard,0,2,extended
21013,stroke.rule=4k;stroke.endpoint=first;stroke.gap=none;segment.method=feature;center.strokeFormation=entry;signals.publication=standard,0,2,extended
21014,stroke.rule=fractal;stroke.endpoint=first;stroke.gap=none;segment.method=feature;center.strokeFormation=entry;signals.publication=standard,0,2,extended
21100,stroke.rule=strict;stroke.endpoint=extreme;stroke.gap=none;segment.method=feature;center.strokeFormation=entry;signals.publication=standard,1,2,extended
21101,stroke.rule=new;stroke.endpoint=extreme;stroke.gap=none;segment.method=feature;center.strokeFormation=entry;signals.publication=standard,1,2,extended
21102,stroke.rule=czsc;stroke.endpoint=extreme;stroke.gap=none;segment.method=feature;center.strokeFormation=entry;signals.publication=standard,1,2,extended
21103,stroke.rule=4k;stroke.endpoint=extreme;stroke.gap=none;segment.method=feature;center.strokeFormation=entry;signals.publication=standard,1,2,extended
21104,stroke.rule=fractal;stroke.endpoint=extreme;stroke.gap=none;segment.method=feature;center.strokeFormation=entry;signals.publication=standard,1,2,extended
21110,stroke.rule=strict;stroke.endpoint=first;stroke.gap=none;segment.method=feature;center.strokeFormation=entry;signals.publication=standard,1,2,extended
21111,stroke.rule=new;stroke.endpoint=first;stroke.gap=none;segment.method=feature;center.strokeFormation=entry;signals.publication=standard,1,2,extended
21112,stroke.rule=czsc;stroke.endpoint=first;stroke.gap=none;segment.method=feature;center.strokeFormation=entry;signals.publication=standard,1,2,extended
21113,stroke.rule=4k;stroke.endpoint=first;stroke.gap=none;segment.method=feature;center.strokeFormation=entry;signals.publication=standard,1,2,extended
21114,stroke.rule=fractal;stroke.endpoint=first;stroke.gap=none;segment.method=feature;center.strokeFormation=entry;signals.publication=standard,1,2,extended
100000,stroke.rule=strict;stroke.endpoint=extreme;stroke.gap=none;segment.method=heuristic;center.strokeFormation=segment;signals.publication=standard,0,0,extended
100001,stroke.rule=new;stroke.endpoint=extreme;stroke.gap=none;segment.method=heuristic;center.strokeFormation=segment;signals.publication=standard,0,0,extended
100002,stroke.rule=czsc;stroke.endpoint=extreme;stroke.gap=none;segment.method=heuristic;center.strokeFormation=segment;signals.publication=standard,0,0,extended
100003,stroke.rule=4k;stroke.endpoint=extreme;stroke.gap=none;segment.method=heuristic;center.strokeFormation=segment;signals.publication=standard,0,0,extended
100004,stroke.rule=fractal;stroke.endpoint=extreme;stroke.gap=none;segment.method=heuristic;center.strokeFormation=segment;signals.publication=standard,0,0,extended
100010,stroke.rule=strict;stroke.endpoint=first;stroke.gap=none;segment.method=heuristic;center.strokeFormation=segment;signals.publication=standard,0,0,extended
100011,stroke.rule=new;stroke.endpoint=first;stroke.gap=none;segment.method=heuristic;center.strokeFormation=segment;signals.publication=standard,0,0,extended
100012,stroke.rule=czsc;stroke.endpoint=first;stroke.gap=none;segment.method=heuristic;center.strokeFormation=segment;signals.publication=standard,0,0,extended
100013,stroke.rule=4k;stroke.endpoint=first;stroke.gap=none;segment.method=heuristic;center.strokeFormation=segment;signals.publication=standard,0,0,extended
100014,stroke.rule=fractal;stroke.endpoint=first;stroke.gap=none;segment.method=heuristic;center.strokeFormation=segment;signals.publication=standard,0,0,extended
100100,stroke.rule=strict;stroke.endpoint=extreme;stroke.gap=none;segment.method=heuristic;center.strokeFormation=segment;signals.publication=standard,1,0,extended
100101,stroke.rule=new;stroke.endpoint=extreme;stroke.gap=none;segment.method=heuristic;center.strokeFormation=segment;signals.publication=standard,1,0,extended
100102,stroke.rule=czsc;stroke.endpoint=extreme;stroke.gap=none;segment.method=heuristic;center.strokeFormation=segment;signals.publication=standard,1,0,extended
100103,stroke.rule=4k;stroke.endpoint=extreme;stroke.gap=none;segment.method=heuristic;center.strokeFormation=segment;signals.publication=standard,1,0,extended
100104,stroke.rule=fractal;stroke.endpoint=extreme;stroke.gap=none;segment.method=heuristic;center.strokeFormation=segment;signals.publication=standard,1,0,extended
100110,stroke.rule=strict;stroke.endpoint=first;stroke.gap=none;segment.method=heuristic;center.strokeFormation=segment;signals.publication=standard,1,0,extended
100111,stroke.rule=new;stroke.endpoint=first;stroke.gap=none;segment.method=heuristic;center.strokeFormation=segment;signals.publication=standard,1,0,extended
100112,stroke.rule=czsc;stroke.endpoint=first;stroke.gap=none;segment.method=heuristic;center.strokeFormation=segment;signals.publication=standard,1,0,extended
100113,stroke.rule=4k;stroke.endpoint=first;stroke.gap=none;segment.method=heuristic;center.strokeFormation=segment;signals.publication=standard,1,0,extended
100114,stroke.rule=fractal;stroke.endpoint=first;stroke.gap=none;segment.method=heuristic;center.strokeFormation=segment;signals.publication=standard,1,0,extended
101000,stroke.rule=strict;stroke.endpoint=extreme;stroke.gap=none;segment.method=feature;center.strokeFormation=segment;signals.publication=standard,0,0,extended
101001,stroke.rule=new;stroke.endpoint=extreme;stroke.gap=none;segment.method=feature;center.strokeFormation=segment;signals.publication=standard,0,0,extended
101002,stroke.rule=czsc;stroke.endpoint=extreme;stroke.gap=none;segment.method=feature;center.strokeFormation=segment;signals.publication=standard,0,0,extended
101003,stroke.rule=4k;stroke.endpoint=extreme;stroke.gap=none;segment.method=feature;center.strokeFormation=segment;signals.publication=standard,0,0,extended
101004,stroke.rule=fractal;stroke.endpoint=extreme;stroke.gap=none;segment.method=feature;center.strokeFormation=segment;signals.publication=standard,0,0,extended
101010,stroke.rule=strict;stroke.endpoint=first;stroke.gap=none;segment.method=feature;center.strokeFormation=segment;signals.publication=standard,0,0,extended
101011,stroke.rule=new;stroke.endpoint=first;stroke.gap=none;segment.method=feature;center.strokeFormation=segment;signals.publication=standard,0,0,extended
101012,stroke.rule=czsc;stroke.endpoint=first;stroke.gap=none;segment.method=feature;center.strokeFormation=segment;signals.publication=standard,0,0,extended
101013,stroke.rule=4k;stroke.endpoint=first;stroke.gap=none;segment.method=feature;center.strokeFormation=segment;signals.publication=standard,0,0,extended
101014,stroke.rule=fractal;stroke.endpoint=first;stroke.gap=none;segment.method=feature;center.strokeFormation=segment;signals.publication=standard,0,0,extended
101100,stroke.rule=strict;stroke.endpoint=extreme;stroke.gap=none;segment.method=feature;center.strokeFormation=segment;signals.publication=standard,1,0,extended
101101,stroke.rule=new;stroke.endpoint=extreme;stroke.gap=none;segment.method=feature;center.strokeFormation=segment;signals.publication=standard,1,0,extended
101102,stroke.rule=czsc;stroke.endpoint=extreme;stroke.gap=none;segment.method=feature;center.strokeFormation=segment;signals.publication=standard,1,0,extended
101103,stroke.rule=4k;stroke.endpoint=extreme;stroke.gap=none;segment.method=feature;center.strokeFormation=segment;signals.publication=standard,1,0,extended
101104,stroke.rule=fractal;stroke.endpoint=extreme;stroke.gap=none;segment.method=feature;center.strokeFormation=segment;signals.publication=standard,1,0,extended
101110,stroke.rule=strict;stroke.endpoint=first;stroke.gap=none;segment.method=feature;center.strokeFormation=segment;signals.publication=standard,1,0,extended
101111,stroke.rule=new;stroke.endpoint=first;stroke.gap=none;segment.method=feature;center.strokeFormation=segment;signals.publication=standard,1,0,extended
101112,stroke.rule=czsc;stroke.endpoint=first;stroke.gap=none;segment.method=feature;center.strokeFormation=segment;signals.publication=standard,1,0,extended
101113,stroke.rule=4k;stroke.endpoint=first;stroke.gap=none;segment.method=feature;center.strokeFormation=segment;signals.publication=standard,1,0,extended
101114,stroke.rule=fractal;stroke.endpoint=first;stroke.gap=none;segment.method=feature;center.strokeFormation=segment;signals.publication=standard,1,0,extended
111000,stroke.rule=strict;stroke.endpoint=extreme;stroke.gap=none;segment.method=feature;center.strokeFormation=segment;signals.publication=standard,0,1,extended
111001,stroke.rule=new;stroke.endpoint=extreme;stroke.gap=none;segment.method=feature;center.strokeFormation=segment;signals.publication=standard,0,1,extended
111002,stroke.rule=czsc;stroke.endpoint=extreme;stroke.gap=none;segment.method=feature;center.strokeFormation=segment;signals.publication=standard,0,1,extended
111003,stroke.rule=4k;stroke.endpoint=extreme;stroke.gap=none;segment.method=feature;center.strokeFormation=segment;signals.publication=standard,0,1,extended
111004,stroke.rule=fractal;stroke.endpoint=extreme;stroke.gap=none;segment.method=feature;center.strokeFormation=segment;signals.publication=standard,0,1,extended
111010,stroke.rule=strict;stroke.endpoint=first;stroke.gap=none;segment.method=feature;center.strokeFormation=segment;signals.publication=standard,0,1,extended
111011,stroke.rule=new;stroke.endpoint=first;stroke.gap=none;segment.method=feature;center.strokeFormation=segment;signals.publication=standard,0,1,extended
111012,stroke.rule=czsc;stroke.endpoint=first;stroke.gap=none;segment.method=feature;center.strokeFormation=segment;signals.publication=standard,0,1,extended
111013,stroke.rule=4k;stroke.endpoint=first;stroke.gap=none;segment.method=feature;center.strokeFormation=segment;signals.publication=standard,0,1,extended
111014,stroke.rule=fractal;stroke.endpoint=first;stroke.gap=none;segment.method=feature;center.strokeFormation=segment;signals.publication=standard,0,1,extended
111100,stroke.rule=strict;stroke.endpoint=extreme;stroke.gap=none;segment.method=feature;center.strokeFormation=segment;signals.publication=standard,1,1,extended
111101,stroke.rule=new;stroke.endpoint=extreme;stroke.gap=none;segment.method=feature;center.strokeFormation=segment;signals.publication=standard,1,1,extended
111102,stroke.rule=czsc;stroke.endpoint=extreme;stroke.gap=none;segment.method=feature;center.strokeFormation=segment;signals.publication=standard,1,1,extended
111103,stroke.rule=4k;stroke.endpoint=extreme;stroke.gap=none;segment.method=feature;center.strokeFormation=segment;signals.publication=standard,1,1,extended
111104,stroke.rule=fractal;stroke.endpoint=extreme;stroke.gap=none;segment.method=feature;center.strokeFormation=segment;signals.publication=standard,1,1,extended
111110,stroke.rule=strict;stroke.endpoint=first;stroke.gap=none;segment.method=feature;center.strokeFormation=segment;signals.publication=standard,1,1,extended
111111,stroke.rule=new;stroke.endpoint=first;stroke.gap=none;segment.method=feature;center.strokeFormation=segment;signals.publication=standard,1,1,extended
111112,stroke.rule=czsc;stroke.endpoint=first;stroke.gap=none;segment.method=feature;center.strokeFormation=segment;signals.publication=standard,1,1,extended
111113,stroke.rule=4k;stroke.endpoint=first;stroke.gap=none;segment.method=feature;center.strokeFormation=segment;signals.publication=standard,1,1,extended
111114,stroke.rule=fractal;stroke.endpoint=first;stroke.gap=none;segment.method=feature;center.strokeFormation=segment;signals.publication=standard,1,1,extended
121000,stroke.rule=strict;stroke.endpoint=extreme;stroke.gap=none;segment.method=feature;center.strokeFormation=segment;signals.publication=standard,0,2,extended
121001,stroke.rule=new;stroke.endpoint=extreme;stroke.gap=none;segment.method=feature;center.strokeFormation=segment;signals.publication=standard,0,2,extended
121002,stroke.rule=czsc;stroke.endpoint=extreme;stroke.gap=none;segment.method=feature;center.strokeFormation=segment;signals.publication=standard,0,2,extended
121003,stroke.rule=4k;stroke.endpoint=extreme;stroke.gap=none;segment.method=feature;center.strokeFormation=segment;signals.publication=standard,0,2,extended
121004,stroke.rule=fractal;stroke.endpoint=extreme;stroke.gap=none;segment.method=feature;center.strokeFormation=segment;signals.publication=standard,0,2,extended
121010,stroke.rule=strict;stroke.endpoint=first;stroke.gap=none;segment.method=feature;center.strokeFormation=segment;signals.publication=standard,0,2,extended
121011,stroke.rule=new;stroke.endpoint=first;stroke.gap=none;segment.method=feature;center.strokeFormation=segment;signals.publication=standard,0,2,extended
121012,stroke.rule=czsc;stroke.endpoint=first;stroke.gap=none;segment.method=feature;center.strokeFormation=segment;signals.publication=standard,0,2,extended
121013,stroke.rule=4k;stroke.endpoint=first;stroke.gap=none;segment.method=feature;center.strokeFormation=segment;signals.publication=standard,0,2,extended
121014,stroke.rule=fractal;stroke.endpoint=first;stroke.gap=none;segment.method=feature;center.strokeFormation=segment;signals.publication=standard,0,2,extended
121100,stroke.rule=strict;stroke.endpoint=extreme;stroke.gap=none;segment.method=feature;center.strokeFormation=segment;signals.publication=standard,1,2,extended
121101,stroke.rule=new;stroke.endpoint=extreme;stroke.gap=none;segment.method=feature;center.strokeFormation=segment;signals.publication=standard,1,2,extended
121102,stroke.rule=czsc;stroke.endpoint=extreme;stroke.gap=none;segment.method=feature;center.strokeFormation=segment;signals.publication=standard,1,2,extended
121103,stroke.rule=4k;stroke.endpoint=extreme;stroke.gap=none;segment.method=feature;center.strokeFormation=segment;signals.publication=standard,1,2,extended
121104,stroke.rule=fractal;stroke.endpoint=extreme;stroke.gap=none;segment.method=feature;center.strokeFormation=segment;signals.publication=standard,1,2,extended
121110,stroke.rule=strict;stroke.endpoint=first;stroke.gap=none;segment.method=feature;center.strokeFormation=segment;signals.publication=standard,1,2,extended
121111,stroke.rule=new;stroke.endpoint=first;stroke.gap=none;segment.method=feature;center.strokeFormation=segment;signals.publication=standard,1,2,extended
121112,stroke.rule=czsc;stroke.endpoint=first;stroke.gap=none;segment.method=feature;center.strokeFormation=segment;signals.publication=standard,1,2,extended
121113,stroke.rule=4k;stroke.endpoint=first;stroke.gap=none;segment.method=feature;center.strokeFormation=segment;signals.publication=standard,1,2,extended
121114,stroke.rule=fractal;stroke.endpoint=first;stroke.gap=none;segment.method=feature;center.strokeFormation=segment;signals.publication=standard,1,2,extended
1000000,stroke.rule=strict;stroke.endpoint=bounded;stroke.gap=none;segment.method=heuristic;center.strokeFormation=entry;signals.publication=standard,0,0,extended
1000001,stroke.rule=new;stroke.endpoint=bounded;stroke.gap=none;segment.method=heuristic;center.strokeFormation=entry;signals.publication=standard,0,0,extended
1000002,stroke.rule=czsc;stroke.endpoint=bounded;stroke.gap=none;segment.method=heuristic;center.strokeFormation=entry;signals.publication=standard,0,0,extended
1000003,stroke.rule=4k;stroke.endpoint=bounded;stroke.gap=none;segment.method=heuristic;center.strokeFormation=entry;signals.publication=standard,0,0,extended
1000004,stroke.rule=fractal;stroke.endpoint=bounded;stroke.gap=none;segment.method=heuristic;center.strokeFormation=entry;signals.publication=standard,0,0,extended
1000100,stroke.rule=strict;stroke.endpoint=bounded;stroke.gap=none;segment.method=heuristic;center.strokeFormation=entry;signals.publication=standard,1,0,extended
1000101,stroke.rule=new;stroke.endpoint=bounded;stroke.gap=none;segment.method=heuristic;center.strokeFormation=entry;signals.publication=standard,1,0,extended
1000102,stroke.rule=czsc;stroke.endpoint=bounded;stroke.gap=none;segment.method=heuristic;center.strokeFormation=entry;signals.publication=standard,1,0,extended
1000103,stroke.rule=4k;stroke.endpoint=bounded;stroke.gap=none;segment.method=heuristic;center.strokeFormation=entry;signals.publication=standard,1,0,extended
1000104,stroke.rule=fractal;stroke.endpoint=bounded;stroke.gap=none;segment.method=heuristic;center.strokeFormation=entry;signals.publication=standard,1,0,extended
1001000,stroke.rule=strict;stroke.endpoint=bounded;stroke.gap=none;segment.method=feature;center.strokeFormation=entry;signals.publication=standard,0,0,extended
1001001,stroke.rule=new;stroke.endpoint=bounded;stroke.gap=none;segment.method=feature;center.strokeFormation=entry;signals.publication=standard,0,0,extended
1001002,stroke.rule=czsc;stroke.endpoint=bounded;stroke.gap=none;segment.method=feature;center.strokeFormation=entry;signals.publication=standard,0,0,extended
1001003,stroke.rule=4k;stroke.endpoint=bounded;stroke.gap=none;segment.method=feature;center.strokeFormation=entry;signals.publication=standard,0,0,extended
1001004,stroke.rule=fractal;stroke.endpoint=bounded;stroke.gap=none;segment.method=feature;center.strokeFormation=entry;signals.publication=standard,0,0,extended
1001100,stroke.rule=strict;stroke.endpoint=bounded;stroke.gap=none;segment.method=feature;center.strokeFormation=entry;signals.publication=standard,1,0,extended
1001101,stroke.rule=new;stroke.endpoint=bounded;stroke.gap=none;segment.method=feature;center.strokeFormation=entry;signals.publication=standard,1,0,extended
1001102,stroke.rule=czsc;stroke.endpoint=bounded;stroke.gap=none;segment.method=feature;center.strokeFormation=entry;signals.publication=standard,1,0,extended
1001103,stroke.rule=4k;stroke.endpoint=bounded;stroke.gap=none;segment.method=feature;center.strokeFormation=entry;signals.publication=standard,1,0,extended
1001104,stroke.rule=fractal;stroke.endpoint=bounded;stroke.gap=none;segment.method=feature;center.strokeFormation=entry;signals.publication=standard,1,0,extended
1011000,stroke.rule=strict;stroke.endpoint=bounded;stroke.gap=none;segment.method=feature;center.strokeFormation=entry;signals.publication=standard,0,1,extended
1011001,stroke.rule=new;stroke.endpoint=bounded;stroke.gap=none;segment.method=feature;center.strokeFormation=entry;signals.publication=standard,0,1,extended
1011002,stroke.rule=czsc;stroke.endpoint=bounded;stroke.gap=none;segment.method=feature;center.strokeFormation=entry;signals.publication=standard,0,1,extended
1011003,stroke.rule=4k;stroke.endpoint=bounded;stroke.gap=none;segment.method=feature;center.strokeFormation=entry;signals.publication=standard,0,1,extended
1011004,stroke.rule=fractal;stroke.endpoint=bounded;stroke.gap=none;segment.method=feature;center.strokeFormation=entry;signals.publication=standard,0,1,extended
1011100,stroke.rule=strict;stroke.endpoint=bounded;stroke.gap=none;segment.method=feature;center.strokeFormation=entry;signals.publication=standard,1,1,extended
1011101,stroke.rule=new;stroke.endpoint=bounded;stroke.gap=none;segment.method=feature;center.strokeFormation=entry;signals.publication=standard,1,1,extended
1011102,stroke.rule=czsc;stroke.endpoint=bounded;stroke.gap=none;segment.method=feature;center.strokeFormation=entry;signals.publication=standard,1,1,extended
1011103,stroke.rule=4k;stroke.endpoint=bounded;stroke.gap=none;segment.method=feature;center.strokeFormation=entry;signals.publication=standard,1,1,extended
1011104,stroke.rule=fractal;stroke.endpoint=bounded;stroke.gap=none;segment.method=feature;center.strokeFormation=entry;signals.publication=standard,1,1,extended
1021000,stroke.rule=strict;stroke.endpoint=bounded;stroke.gap=none;segment.method=feature;center.strokeFormation=entry;signals.publication=standard,0,2,extended
1021001,stroke.rule=new;stroke.endpoint=bounded;stroke.gap=none;segment.method=feature;center.strokeFormation=entry;signals.publication=standard,0,2,extended
1021002,stroke.rule=czsc;stroke.endpoint=bounded;stroke.gap=none;segment.method=feature;center.strokeFormation=entry;signals.publication=standard,0,2,extended
1021003,stroke.rule=4k;stroke.endpoint=bounded;stroke.gap=none;segment.method=feature;center.strokeFormation=entry;signals.publication=standard,0,2,extended
1021004,stroke.rule=fractal;stroke.endpoint=bounded;stroke.gap=none;segment.method=feature;center.strokeFormation=entry;signals.publication=standard,0,2,extended
1021100,stroke.rule=strict;stroke.endpoint=bounded;stroke.gap=none;segment.method=feature;center.strokeFormation=entry;signals.publication=standard,1,2,extended
1021101,stroke.rule=new;stroke.endpoint=bounded;stroke.gap=none;segment.method=feature;center.strokeFormation=entry;signals.publication=standard,1,2,extended
1021102,stroke.rule=czsc;stroke.endpoint=bounded;stroke.gap=none;segment.method=feature;center.strokeFormation=entry;signals.publication=standard,1,2,extended
1021103,stroke.rule=4k;stroke.endpoint=bounded;stroke.gap=none;segment.method=feature;center.strokeFormation=entry;signals.publication=standard,1,2,extended
1021104,stroke.rule=fractal;stroke.endpoint=bounded;stroke.gap=none;segment.method=feature;center.strokeFormation=entry;signals.publication=standard,1,2,extended
1100000,stroke.rule=strict;stroke.endpoint=bounded;stroke.gap=none;segment.method=heuristic;center.strokeFormation=segment;signals.publication=standard,0,0,extended
1100001,stroke.rule=new;stroke.endpoint=bounded;stroke.gap=none;segment.method=heuristic;center.strokeFormation=segment;signals.publication=standard,0,0,extended
1100002,stroke.rule=czsc;stroke.endpoint=bounded;stroke.gap=none;segment.method=heuristic;center.strokeFormation=segment;signals.publication=standard,0,0,extended
1100003,stroke.rule=4k;stroke.endpoint=bounded;stroke.gap=none;segment.method=heuristic;center.strokeFormation=segment;signals.publication=standard,0,0,extended
1100004,stroke.rule=fractal;stroke.endpoint=bounded;stroke.gap=none;segment.method=heuristic;center.strokeFormation=segment;signals.publication=standard,0,0,extended
1100100,stroke.rule=strict;stroke.endpoint=bounded;stroke.gap=none;segment.method=heuristic;center.strokeFormation=segment;signals.publication=standard,1,0,extended
1100101,stroke.rule=new;stroke.endpoint=bounded;stroke.gap=none;segment.method=heuristic;center.strokeFormation=segment;signals.publication=standard,1,0,extended
1100102,stroke.rule=czsc;stroke.endpoint=bounded;stroke.gap=none;segment.method=heuristic;center.strokeFormation=segment;signals.publication=standard,1,0,extended
1100103,stroke.rule=4k;stroke.endpoint=bounded;stroke.gap=none;segment.method=heuristic;center.strokeFormation=segment;signals.publication=standard,1,0,extended
1100104,stroke.rule=fractal;stroke.endpoint=bounded;stroke.gap=none;segment.method=heuristic;center.strokeFormation=segment;signals.publication=standard,1,0,extended
1101000,stroke.rule=strict;stroke.endpoint=bounded;stroke.gap=none;segment.method=feature;center.strokeFormation=segment;signals.publication=standard,0,0,extended
1101001,stroke.rule=new;stroke.endpoint=bounded;stroke.gap=none;segment.method=feature;center.strokeFormation=segment;signals.publication=standard,0,0,extended
1101002,stroke.rule=czsc;stroke.endpoint=bounded;stroke.gap=none;segment.method=feature;center.strokeFormation=segment;signals.publication=standard,0,0,extended
1101003,stroke.rule=4k;stroke.endpoint=bounded;stroke.gap=none;segment.method=feature;center.strokeFormation=segment;signals.publication=standard,0,0,extended
1101004,stroke.rule=fractal;stroke.endpoint=bounded;stroke.gap=none;segment.method=feature;center.strokeFormation=segment;signals.publication=standard,0,0,extended
1101100,stroke.rule=strict;stroke.endpoint=bounded;stroke.gap=none;segment.method=feature;center.strokeFormation=segment;signals.publication=standard,1,0,extended
1101101,stroke.rule=new;stroke.endpoint=bounded;stroke.gap=none;segment.method=feature;center.strokeFormation=segment;signals.publication=standard,1,0,extended
1101102,stroke.rule=czsc;stroke.endpoint=bounded;stroke.gap=none;segment.method=feature;center.strokeFormation=segment;signals.publication=standard,1,0,extended
1101103,stroke.rule=4k;stroke.endpoint=bounded;stroke.gap=none;segment.method=feature;center.strokeFormation=segment;signals.publication=standard,1,0,extended
1101104,stroke.rule=fractal;stroke.endpoint=bounded;stroke.gap=none;segment.method=feature;center.strokeFormation=segment;signals.publication=standard,1,0,extended
1111000,stroke.rule=strict;stroke.endpoint=bounded;stroke.gap=none;segment.method=feature;center.strokeFormation=segment;signals.publication=standard,0,1,extended
1111001,stroke.rule=new;stroke.endpoint=bounded;stroke.gap=none;segment.method=feature;center.strokeFormation=segment;signals.publication=standard,0,1,extended
1111002,stroke.rule=czsc;stroke.endpoint=bounded;stroke.gap=none;segment.method=feature;center.strokeFormation=segment;signals.publication=standard,0,1,extended
1111003,stroke.rule=4k;stroke.endpoint=bounded;stroke.gap=none;segment.method=feature;center.strokeFormation=segment;signals.publication=standard,0,1,extended
1111004,stroke.rule=fractal;stroke.endpoint=bounded;stroke.gap=none;segment.method=feature;center.strokeFormation=segment;signals.publication=standard,0,1,extended
1111100,stroke.rule=strict;stroke.endpoint=bounded;stroke.gap=none;segment.method=feature;center.strokeFormation=segment;signals.publication=standard,1,1,extended
1111101,stroke.rule=new;stroke.endpoint=bounded;stroke.gap=none;segment.method=feature;center.strokeFormation=segment;signals.publication=standard,1,1,extended
1111102,stroke.rule=czsc;stroke.endpoint=bounded;stroke.gap=none;segment.method=feature;center.strokeFormation=segment;signals.publication=standard,1,1,extended
1111103,stroke.rule=4k;stroke.endpoint=bounded;stroke.gap=none;segment.method=feature;center.strokeFormation=segment;signals.publication=standard,1,1,extended
1111104,stroke.rule=fractal;stroke.endpoint=bounded;stroke.gap=none;segment.method=feature;center.strokeFormation=segment;signals.publication=standard,1,1,extended
1121000,stroke.rule=strict;stroke.endpoint=bounded;stroke.gap=none;segment.method=feature;center.strokeFormation=segment;signals.publication=standard,0,2,extended
1121001,stroke.rule=new;stroke.endpoint=bounded;stroke.gap=none;segment.method=feature;center.strokeFormation=segment;signals.publication=standard,0,2,extended
1121002,stroke.rule=czsc;stroke.endpoint=bounded;stroke.gap=none;segment.method=feature;center.strokeFormation=segment;signals.publication=standard,0,2,extended
1121003,stroke.rule=4k;stroke.endpoint=bounded;stroke.gap=none;segment.method=feature;center.strokeFormation=segment;signals.publication=standard,0,2,extended
1121004,stroke.rule=fractal;stroke.endpoint=bounded;stroke.gap=none;segment.method=feature;center.strokeFormation=segment;signals.publication=standard,0,2,extended
1121100,stroke.rule=strict;stroke.endpoint=bounded;stroke.gap=none;segment.method=feature;center.strokeFormation=segment;signals.publication=standard,1,2,extended
1121101,stroke.rule=new;stroke.endpoint=bounded;stroke.gap=none;segment.method=feature;center.strokeFormation=segment;signals.publication=standard,1,2,extended
1121102,stroke.rule=czsc;stroke.endpoint=bounded;stroke.gap=none;segment.method=feature;center.strokeFormation=segment;signals.publication=standard,1,2,extended
1121103,stroke.rule=4k;stroke.endpoint=bounded;stroke.gap=none;segment.method=feature;center.strokeFormation=segment;signals.publication=standard,1,2,extended
1121104,stroke.rule=fractal;stroke.endpoint=bounded;stroke.gap=none;segment.method=feature;center.strokeFormation=segment;signals.publication=standard,1,2,extended
